category,country,first_issuance_at,first_retirement_at,is_compliance,issued,listed_at,name,project_id,project_url,proponent,protocol,registry,retired,status,clean_category
"[""agriculture""]",Malawi,,,False,0,,Regenerative Agriculture and Forestry Technologies (RAFT) 1,VCS4789,https://registry.verra.org/app/projectDetail/VCS/4789,C-Quest Capital SG Africa Holdings Private Limited,"[""vm0042""]",verra,0,listed,Agriculture
"[""renewable-energy""]",Malawi,,,False,0,,Nkhotakota Solar PV project,VCS4486,https://registry.verra.org/app/projectDetail/VCS/4486,South Pole Carbon Asset Management Ltd,"[""acm0002""]",verra,0,listed,Renewable-Energy
"[""energy-efficiency""]",Malawi,,,False,0,,Distribution of Improved Cook Stoves in Sub-Saharan Africa-Malawi-CPA-004,VCS4166,https://registry.verra.org/app/projectDetail/VCS/4166,C-Quest Capital Malaysia Global Stoves Limited,"[""vmr0006""]",verra,0,listed,Energy-Efficiency
"[""unknown""]",Malawi,,,False,0,,Bamboo Afforestation in Malawi,VCS4155,https://registry.verra.org/app/projectDetail/VCS/4155,C-Quest Capital SG Africa Holdings Private Limited,"[""unknown""]",verra,0,listed,Unknown
"[""energy-efficiency""]",Malawi,,,False,0,,CHITETEZO MBAULA PROJECT – MALAWI,VCS4144,https://registry.verra.org/app/projectDetail/VCS/4144,CO2Logic SA,"[""vmr0006""]",verra,0,listed,Energy-Efficiency
"[""energy-efficiency""]",Malawi,,,False,0,,Improved Cookstove Distribution in Malawi by EKI Phase 01,VCS4058,https://registry.verra.org/app/projectDetail/VCS/4058,EKI Energy Services Limited,"[""vmr0006""]",verra,0,listed,Energy-Efficiency
"[""energy-efficiency""]",Malawi,2022-11-07 00:00:00+00:00,,False,500,,"Improved Cook Stove Project 1, Nkhata Bay District, Malawi - CER Conversion",VCS3937,https://registry.verra.org/app/projectDetail/VCS/3937,Multiple Proponents,"[""ams-ii-g""]",verra,0,unknown,Energy-Efficiency
"[""energy-efficiency""]",Malawi,2023-07-19 00:00:00+00:00,,False,100959,,Livelihoods Chitetezo Mbaula Project,VCS3262,https://registry.verra.org/app/projectDetail/VCS/3262,Livelihoods Fund SICAV SIF,"[""vmr0006""]",verra,0,registered,Energy-Efficiency
"[""energy-efficiency""]",Malawi,,,False,0,,180 Works High Efficiency Wood Burning Cookstoves - Malawi - Project 1,VCS3073,https://registry.verra.org/app/projectDetail/VCS/3073,180.Holdings B.V.,"[""vmr0006""]",verra,0,listed,Energy-Efficiency
"[""renewable-energy""]",Malawi,,,False,0,,Malawi Solar Power and Adult Literacy Project,VCS2953,https://registry.verra.org/app/projectDetail/VCS/2953,SCB Brokers LLC,"[""ams-i-a""]",verra,0,listed,Renewable-Energy
"[""energy-efficiency""]",Malawi,,,False,0,,Duplicate - Installation of high efficiency wood burning cookstoves in Malawi – Project 3,VCS2885,https://registry.verra.org/app/projectDetail/VCS/2885,C-Quest Capital SGM ZM Stoves Private Limited,"[""vmr0006""]",verra,0,completed,Energy-Efficiency
"[""energy-efficiency""]",Malawi,2024-01-25 00:00:00+00:00,,False,73560,,Installation of high efficiency wood burning cookstoves in Malawi – Project 3,VCS2886,https://registry.verra.org/app/projectDetail/VCS/2886,C-Quest Capital SGM ZM Stoves Private Limited,"[""vmr0006""]",verra,0,registered,Energy-Efficiency
"[""energy-efficiency""]",Malawi,2023-12-07 00:00:00+00:00,2023-12-18 00:00:00+00:00,False,707458,,Distribution of Improved Cook Stoves in Sub-Saharan Africa-Malawi-CPA-002,VCS2711,https://registry.verra.org/app/projectDetail/VCS/2711,C-Quest Capital Malaysia Global Stoves Limited,"[""vmr0006""]",verra,180000,registered,Energy-Efficiency
"[""energy-efficiency""]",Malawi,2023-08-29 00:00:00+00:00,,False,1935244,,Distribution of Improved Cook Stoves in Sub-Saharan Africa-Malawi-CPA-006,VCS2712,https://registry.verra.org/app/projectDetail/VCS/2712,Multiple Proponents,"[""vmr0006""]",verra,0,registered,Energy-Efficiency
"[""energy-efficiency""]",Malawi,2022-03-04 00:00:00+00:00,2022-05-02 00:00:00+00:00,False,4444642,,Installation of high efficiency wood burning cookstoves in Malawi - Project 2,VCS2372,https://registry.verra.org/app/projectDetail/VCS/2372,Multiple Proponents,"[""vmr0006""]",verra,316134,registered,Energy-Efficiency
"[""energy-efficiency""]",Malawi,2022-02-21 00:00:00+00:00,2022-04-05 00:00:00+00:00,False,2803221,,Installation of high efficiency wood burning cookstoves in Malawi,VCS2342,https://registry.verra.org/app/projectDetail/VCS/2342,C-Quest Capital SG Stoves Private Limited,"[""vmr0006""]",verra,56537,registered,Energy-Efficiency
"[""energy-efficiency""]",Malawi,2019-11-06 00:00:00+00:00,2019-11-20 00:00:00+00:00,False,6761,,Improved Cookstoves Project for Malawi and cross-border regions of Mozambique CPA MAL  005,VCS1719,https://registry.verra.org/app/projectDetail/VCS/1719,Multiple Proponents,"[""ams-ii-g""]",verra,6462,registered,Energy-Efficiency
"[""forest""]",Malawi,,,False,0,,Fuelling a greener future for farmers in Malawi through the use of Jatropha curcas,VCS898,https://registry.verra.org/app/projectDetail/VCS/898,Bio Energy Resources Limited (BERL),"[""ar-acm0002""]",verra,0,registered,Forest
"[""forest""]",Malawi,2015-03-25 00:00:00+00:00,2015-03-25 00:00:00+00:00,False,3325607,,"Kulera Landscape REDD+ Program for Co-Managed Protected Areas, Malawi",VCS1168,https://registry.verra.org/app/projectDetail/VCS/1168,Multiple Proponents,"[""vm0006""]",verra,1988362,registered,Forest
"[""energy-efficiency""]",Malawi,,,False,0,,UpEnergy-Social and Climate Impact Programme- Cooking Devices VPA-26,GLD12474,https://registry.goldstandard.org/projects?q=gs12474,UpEnergy Group,"[""gs-tpddtec""]",gold-standard,0,listed,Energy-Efficiency
"[""energy-efficiency""]",Malawi,,,False,0,,UpEnergy-Social and Climate Impact Programme- Cooking Devices VPA-23,GLD12357,https://registry.goldstandard.org/projects?q=gs12357,UpEnergy Group,"[""gs-tpddtec""]",gold-standard,0,unknown,Energy-Efficiency
"[""energy-efficiency""]",Malawi,,,False,0,,UpEnergy-Social and Climate Impact Programme- Cooking Devices VPA-24,GLD12358,https://registry.goldstandard.org/projects?q=gs12358,UpEnergy Group,"[""gs-tpddtec""]",gold-standard,0,unknown,Energy-Efficiency
"[""energy-efficiency""]",Malawi,,,False,0,,GS12151 Ripple Africa high impact cookstoves VPA01 SA1,GLD12208,https://registry.goldstandard.org/projects?q=gs12208,CONSERVATION CARBON MALAWI PTY LTD,"[""gs-tpddtec""]",gold-standard,0,listed,Energy-Efficiency
"[""energy-efficiency""]",Malawi,,,False,0,,Clean Cooking with Biomass Gasification in Malawi (VPA2),GLD12189,https://registry.goldstandard.org/projects?q=gs12189,Emerging Cooking Solutions Sweden AB,"[""gs-metered-cookstoves""]",gold-standard,0,listed,Energy-Efficiency
"[""energy-efficiency""]",Malawi,2023-10-16 00:00:00+00:00,,False,70259,,GS11677 GS11902 Malawi Biomass Energy Conservation Programme CPA 37,GLD11932,https://registry.goldstandard.org/projects?q=gs11932,Hestian Innovation,"[""ams-ii-g""]",gold-standard,0,unknown,Energy-Efficiency
"[""energy-efficiency""]",Malawi,2023-10-16 00:00:00+00:00,,False,63934,,GS11677 GS11902 Malawi Biomass Energy Conservation Programme CPA 17,GLD11917,https://registry.goldstandard.org/projects?q=gs11917,Hestian Innovation,"[""ams-ii-g""]",gold-standard,0,unknown,Energy-Efficiency
"[""energy-efficiency""]",Malawi,2023-10-16 00:00:00+00:00,,False,63795,,GS11677 GS11902 Malawi Biomass Energy Conservation Programme CPA 18,GLD11918,https://registry.goldstandard.org/projects?q=gs11918,Hestian Innovation,"[""ams-ii-g""]",gold-standard,0,unknown,Energy-Efficiency
"[""energy-efficiency""]",Malawi,2023-10-16 00:00:00+00:00,,False,66977,,GS11677 GS11902 Malawi Biomass Energy Conservation Programme CPA 19,GLD11919,https://registry.goldstandard.org/projects?q=gs11919,Hestian Innovation,"[""ams-ii-g""]",gold-standard,0,unknown,Energy-Efficiency
"[""energy-efficiency""]",Malawi,2023-10-16 00:00:00+00:00,,False,69914,,GS11677 GS11902 Malawi Biomass Energy Conservation Programme CPA 20,GLD11920,https://registry.goldstandard.org/projects?q=gs11920,Hestian Innovation,"[""ams-ii-g""]",gold-standard,0,unknown,Energy-Efficiency
"[""energy-efficiency""]",Malawi,2023-10-16 00:00:00+00:00,,False,44679,,GS11677 GS11902 Malawi Biomass Energy Conservation Programme CPA 21,GLD11921,https://registry.goldstandard.org/projects?q=gs11921,Hestian Innovation,"[""ams-ii-g""]",gold-standard,0,unknown,Energy-Efficiency
"[""energy-efficiency""]",Malawi,2023-10-16 00:00:00+00:00,,False,67412,,GS11677 GS11902 Malawi Biomass Energy Conservation Programme CPA 22,GLD11922,https://registry.goldstandard.org/projects?q=gs11922,Hestian Innovation,"[""ams-ii-g""]",gold-standard,0,unknown,Energy-Efficiency
"[""energy-efficiency""]",Malawi,2023-10-16 00:00:00+00:00,,False,70345,,GS11677 GS11902 Malawi Biomass Energy Conservation Programme CPA 23,GLD11923,https://registry.goldstandard.org/projects?q=gs11923,Hestian Innovation,"[""ams-ii-g""]",gold-standard,0,unknown,Energy-Efficiency
"[""energy-efficiency""]",Malawi,2023-10-16 00:00:00+00:00,,False,75097,,GS11677 GS11902 Malawi Biomass Energy Conservation Programme CPA 24,GLD11924,https://registry.goldstandard.org/projects?q=gs11924,Hestian Innovation,"[""ams-ii-g""]",gold-standard,0,unknown,Energy-Efficiency
"[""energy-efficiency""]",Malawi,2023-10-16 00:00:00+00:00,,False,5974,,GS11677 GS11902 Malawi Biomass Energy Conservation Programme CPA 25,GLD11925,https://registry.goldstandard.org/projects?q=gs11925,Hestian Innovation,"[""ams-ii-g""]",gold-standard,0,unknown,Energy-Efficiency
"[""energy-efficiency""]",Malawi,2023-10-16 00:00:00+00:00,,False,73839,,GS11677 GS11902 Malawi Biomass Energy Conservation Programme CPA 26,GLD11926,https://registry.goldstandard.org/projects?q=gs11926,Hestian Innovation,"[""ams-ii-g""]",gold-standard,0,unknown,Energy-Efficiency
"[""energy-efficiency""]",Malawi,2023-10-16 00:00:00+00:00,,False,48894,,GS11677 GS11902 Malawi Biomass Energy Conservation Programme CPA 27,GLD11927,https://registry.goldstandard.org/projects?q=gs11927,Hestian Innovation,"[""ams-ii-g""]",gold-standard,0,unknown,Energy-Efficiency
"[""energy-efficiency""]",Malawi,2023-10-16 00:00:00+00:00,,False,13446,,GS11677 GS11902 Malawi Biomass Energy Conservation Programme CPA 29,GLD11928,https://registry.goldstandard.org/projects?q=gs11928,Hestian Innovation,"[""ams-ii-g""]",gold-standard,0,unknown,Energy-Efficiency
"[""energy-efficiency""]",Malawi,2023-10-16 00:00:00+00:00,,False,32118,,GS11677 GS11902 Malawi Biomass Energy Conservation Programme CPA 31,GLD11929,https://registry.goldstandard.org/projects?q=gs11929,Hestian Innovation,"[""ams-ii-g""]",gold-standard,0,unknown,Energy-Efficiency
"[""energy-efficiency""]",Malawi,2023-10-16 00:00:00+00:00,,False,74161,,GS11677 GS11902 Malawi Biomass Energy Conservation Programme CPA 33,GLD11930,https://registry.goldstandard.org/projects?q=gs11930,Hestian Innovation,"[""ams-ii-g""]",gold-standard,0,unknown,Energy-Efficiency
"[""energy-efficiency""]",Malawi,2023-10-16 00:00:00+00:00,,False,73481,,GS11677 GS11902 Malawi Biomass Energy Conservation Programme CPA 35,GLD11931,https://registry.goldstandard.org/projects?q=gs11931,Hestian Innovation,"[""ams-ii-g""]",gold-standard,0,unknown,Energy-Efficiency
"[""energy-efficiency""]",Malawi,2023-10-16 00:00:00+00:00,,False,70777,,GS11677 GS11902 Malawi Biomass Energy Conservation Programme CPA 16,GLD11916,https://registry.goldstandard.org/projects?q=gs11916,Hestian Innovation,"[""ams-ii-g""]",gold-standard,0,unknown,Energy-Efficiency
"[""energy-efficiency""]",Malawi,2023-10-16 00:00:00+00:00,,False,73891,,GS11677 GS11902 Malawi Biomass Energy Conservation Programme CPA 15,GLD11915,https://registry.goldstandard.org/projects?q=gs11915,Hestian Innovation,"[""ams-ii-g""]",gold-standard,0,unknown,Energy-Efficiency
"[""energy-efficiency""]",Malawi,2023-10-16 00:00:00+00:00,,False,52694,,GS11677 GS11902 Malawi Biomass Energy Conservation Programme CPA 14,GLD11914,https://registry.goldstandard.org/projects?q=gs11914,Hestian Innovation,"[""ams-ii-g""]",gold-standard,0,unknown,Energy-Efficiency
"[""energy-efficiency""]",Malawi,2023-10-16 00:00:00+00:00,,False,63419,,GS11677 GS11902 Malawi Biomass Energy Conservation Programme CPA 13,GLD11913,https://registry.goldstandard.org/projects?q=gs11913,Hestian Innovation,"[""ams-ii-g""]",gold-standard,0,unknown,Energy-Efficiency
"[""energy-efficiency""]",Malawi,2023-10-16 00:00:00+00:00,,False,60643,,GS11677 GS11902 Malawi Biomass Energy Conservation Programme CPA 12,GLD11912,https://registry.goldstandard.org/projects?q=gs11912,Hestian Innovation,"[""ams-ii-g""]",gold-standard,0,unknown,Energy-Efficiency
"[""energy-efficiency""]",Malawi,2023-10-16 00:00:00+00:00,,False,54887,,GS11677 GS11902 Malawi Biomass Energy Conservation Programme CPA 11,GLD11911,https://registry.goldstandard.org/projects?q=gs11911,Hestian Innovation,"[""ams-ii-g""]",gold-standard,0,unknown,Energy-Efficiency
"[""energy-efficiency""]",Malawi,2023-10-16 00:00:00+00:00,,False,53246,,GS11677 GS11902 Malawi Biomass Energy Conservation Programme CPA 10,GLD11910,https://registry.goldstandard.org/projects?q=gs11910,Hestian Innovation,"[""ams-ii-g""]",gold-standard,0,unknown,Energy-Efficiency
"[""energy-efficiency""]",Malawi,2023-10-16 00:00:00+00:00,,False,46471,,GS11677 GS11902 Malawi Biomass Energy Conservation Programme CPA 9,GLD11909,https://registry.goldstandard.org/projects?q=gs11909,Hestian Innovation,"[""ams-ii-g""]",gold-standard,0,unknown,Energy-Efficiency
"[""energy-efficiency""]",Malawi,2023-10-16 00:00:00+00:00,,False,20151,,GS11677 GS11902 Malawi Biomass Energy Conservation Programme CPA 8,GLD11908,https://registry.goldstandard.org/projects?q=gs11908,Hestian Innovation,"[""ams-ii-g""]",gold-standard,0,unknown,Energy-Efficiency
"[""energy-efficiency""]",Malawi,2023-10-16 00:00:00+00:00,,False,46689,,GS11677 GS11902 Malawi Biomass Energy Conservation Programme CPA 7,GLD11907,https://registry.goldstandard.org/projects?q=gs11907,Hestian Innovation,"[""ams-ii-g""]",gold-standard,0,unknown,Energy-Efficiency
"[""energy-efficiency""]",Malawi,2023-12-06 00:00:00+00:00,,False,41492,,GS11677 GS11902 Malawi Biomass Energy Conservation Programme CPA 6,GLD11906,https://registry.goldstandard.org/projects?q=gs11906,Hestian Innovation,"[""ams-ii-g""]",gold-standard,0,unknown,Energy-Efficiency
"[""energy-efficiency""]",Malawi,2023-10-16 00:00:00+00:00,,False,14349,,GS11677 GS11902 Malawi Biomass Energy Conservation Programme CPA 5,GLD11905,https://registry.goldstandard.org/projects?q=gs11905,Hestian Innovation,"[""ams-ii-g""]",gold-standard,0,unknown,Energy-Efficiency
"[""energy-efficiency""]",Malawi,2023-10-16 00:00:00+00:00,,False,856,,GS11677 GS11902 Malawi Biomass Energy Conservation Programme CPA 4,GLD11904,https://registry.goldstandard.org/projects?q=gs11904,Hestian Innovation,"[""ams-ii-g""]",gold-standard,0,unknown,Energy-Efficiency
"[""energy-efficiency""]",Malawi,2023-10-16 00:00:00+00:00,,False,15246,,GS11677 GS11902 Malawi Biomass Energy Conservation Programme CPA 3,GLD11903,https://registry.goldstandard.org/projects?q=gs11903,Hestian Innovation,"[""ams-ii-g""]",gold-standard,0,unknown,Energy-Efficiency
"[""energy-efficiency""]",Malawi,2023-10-16 00:00:00+00:00,,False,5692,,GS11677 Malawi Biomass Energy Conservation Programme CPA 2,GLD11902,https://registry.goldstandard.org/projects?q=gs11902,Hestian Innovation,"[""ams-ii-g""]",gold-standard,0,unknown,Energy-Efficiency
"[""energy-efficiency""]",Malawi,,,False,0,,GS  Biomass Energy Conservation Programme,GLD11677,https://registry.goldstandard.org/projects?q=gs11677,Hestian Innovation,"[""ams-ii-g""]",gold-standard,0,unknown,Energy-Efficiency
"[""energy-efficiency""]",Malawi,,,False,0,,PowerUP Smart Electric Stoves for Clean Air-Malawi-VPA8,GLD11586,https://registry.goldstandard.org/projects?q=gs11586,TEECO UGANDA SMC LTD,"[""gs-metered-cookstoves""]",gold-standard,0,listed,Energy-Efficiency
"[""energy-efficiency""]",Malawi,,,False,0,,Clean Electric Cooking for Households in Malawi,GLD11535,https://registry.goldstandard.org/projects?q=gs11535,atmosfair gGmbH,"[""gs-metered-cookstoves""]",gold-standard,0,listed,Energy-Efficiency
"[""energy-efficiency""]",Malawi,,,False,0,,Livelihoods Chitetezo Mbaula Project ,GLD11471,https://registry.goldstandard.org/projects?q=gs11471,Deactivated Projects,"[""gs-tpddtec""]",gold-standard,0,listed,Energy-Efficiency
"[""renewable-energy""]",Malawi,,,False,0,,Biolite Solar Lighting Project in Malawi,GLD11397,https://registry.goldstandard.org/projects?q=gs11397,Biolite Inc,"[""ams-i-a""]",gold-standard,0,listed,Renewable-Energy
"[""energy-efficiency""]",Malawi,,,False,0,,Installation of High Efficiency Firewood Cookstoves in Malawi  ,GLD11359,https://registry.goldstandard.org/projects?q=gs11359,C-Quest Capital Stoves Asia Ltd,"[""gs-tpddtec""]",gold-standard,0,unknown,Energy-Efficiency
"[""unknown""]",Malawi,,,False,0,,UpEnergy-Social and Climate Impact Programme- Water filtration Devices VPA-10,GLD11245,https://registry.goldstandard.org/projects?q=gs11245,UpEnergy Group,"[""unknown""]",gold-standard,0,unknown,Unknown
"[""energy-efficiency""]",Malawi,,,False,0,,GS7591 VPA 47 Malawi Improved Cookstove Project,GLD11206,https://registry.goldstandard.org/projects?q=gs11206,CO2balance UK ltd,"[""gs-tpddtec""]",gold-standard,0,unknown,Energy-Efficiency
"[""energy-efficiency""]",Malawi,,,False,0,,Installation of High Efficiency Firewood Cookstoves in Sub-Saharan Africa,GLD11142,https://registry.goldstandard.org/projects?q=gs11142,C-Quest Capital Stoves Asia Ltd,"[""gs-tpddtec""]",gold-standard,0,unknown,Energy-Efficiency
"[""energy-efficiency""]",Malawi,,,False,0,,GS1247 VPA 286 Malawi Safe Water Project,GLD11067,https://registry.goldstandard.org/projects?q=gs11067,CO2balance UK ltd,"[""gs-tpddtec""]",gold-standard,0,listed,Energy-Efficiency
"[""energy-efficiency""]",Malawi,,,False,0,,GS1247 VPA 285 Malawi Safe Water Project,GLD11066,https://registry.goldstandard.org/projects?q=gs11066,CO2balance UK ltd,"[""gs-tpddtec""]",gold-standard,0,listed,Energy-Efficiency
"[""energy-efficiency""]",Malawi,,,False,0,,GS1247 VPA 284 Malawi Safe Water Project,GLD11065,https://registry.goldstandard.org/projects?q=gs11065,CO2balance UK ltd,"[""gs-tpddtec""]",gold-standard,0,listed,Energy-Efficiency
"[""energy-efficiency""]",Malawi,,,False,0,,GS1247 VPA 283 Malawi Safe Water Project,GLD11064,https://registry.goldstandard.org/projects?q=gs11064,CO2balance UK ltd,"[""gs-tpddtec""]",gold-standard,0,listed,Energy-Efficiency
"[""energy-efficiency""]",Malawi,,,False,0,,GS1247 VPA 282 Malawi Safe Water Project,GLD11063,https://registry.goldstandard.org/projects?q=gs11063,CO2balance UK ltd,"[""gs-tpddtec""]",gold-standard,0,listed,Energy-Efficiency
"[""energy-efficiency""]",Malawi,,,False,0,, GS7591 VPA 39 Malawi Community Safe Water Project,GLD11031,https://registry.goldstandard.org/projects?q=gs11031,CO2balance UK ltd,"[""gs-tpddtec""]",gold-standard,0,listed,Energy-Efficiency
"[""energy-efficiency""]",Malawi,,,False,0,,GS7591 VPA 38 Malawi Community Safe Water Project,GLD11030,https://registry.goldstandard.org/projects?q=gs11030,CO2balance UK ltd,"[""gs-tpddtec""]",gold-standard,0,listed,Energy-Efficiency
"[""energy-efficiency""]",Malawi,2023-10-18 00:00:00+00:00,,False,25802,,UpEnergy-Social and Climate Impact Programme- Cooking Devices VPA-4,GLD10970,https://registry.goldstandard.org/projects?q=gs10970,UpEnergy Group,"[""gs-tpddtec""]",gold-standard,0,unknown,Energy-Efficiency
"[""fuel-switching""]",Malawi,,,False,0,,Namene Solar Lights Distribution Programme in Malawi - VPA2 ,GLD10877,https://registry.goldstandard.org/projects?q=gs10877,Namene Solar Light Company Ltd,"[""ams-iii-ar""]",gold-standard,0,listed,Fuel-Switching
"[""energy-efficiency""]",Malawi,2022-07-06 00:00:00+00:00,2022-08-08 00:00:00+00:00,False,6171,,GS1247 VPA 265 Improved Kitchen Regimes Multi-Country PoA - Dowa Boreholes Malawi,GLD10805,https://registry.goldstandard.org/projects?q=gs10805,CO2balance UK ltd,"[""gs-tpddtec""]",gold-standard,6097,unknown,Energy-Efficiency
"[""energy-efficiency""]",Malawi,2022-07-06 00:00:00+00:00,2022-08-08 00:00:00+00:00,False,7359,,GS1247 VPA 264 Improved Kitchen Regimes Multi-Country PoA - Dowa Boreholes Malawi,GLD10804,https://registry.goldstandard.org/projects?q=gs10804,CO2balance UK ltd,"[""gs-tpddtec""]",gold-standard,7359,unknown,Energy-Efficiency
"[""energy-efficiency""]",Malawi,2022-07-06 00:00:00+00:00,2022-12-16 00:00:00+00:00,False,6711,,GS1247 VPA 263 Improved Kitchen Regimes Multi-Country PoA - Dowa Boreholes Malawi,GLD10803,https://registry.goldstandard.org/projects?q=gs10803,CO2balance UK ltd,"[""gs-tpddtec""]",gold-standard,6702,unknown,Energy-Efficiency
"[""energy-efficiency""]",Malawi,2022-07-06 00:00:00+00:00,2022-12-16 00:00:00+00:00,False,7024,,GS1247 VPA 262 Improved Kitchen Regimes Multi-Country PoA - Dowa Boreholes Malawi,GLD10802,https://registry.goldstandard.org/projects?q=gs10802,CO2balance UK ltd,"[""gs-tpddtec""]",gold-standard,6998,unknown,Energy-Efficiency
"[""energy-efficiency""]",Malawi,2022-07-06 00:00:00+00:00,2022-12-14 00:00:00+00:00,False,7376,,GS1247 VPA 261 Improved Kitchen Regimes Multi-Country PoA - Dowa Boreholes Malawi,GLD10801,https://registry.goldstandard.org/projects?q=gs10801,CO2balance UK ltd,"[""gs-tpddtec""]",gold-standard,6635,unknown,Energy-Efficiency
"[""energy-efficiency""]",Malawi,2022-07-06 00:00:00+00:00,2022-12-14 00:00:00+00:00,False,7701,,GS1247 VPA 260 Improved Kitchen Regimes Multi-Country PoA - Dowa Boreholes Malawi,GLD10800,https://registry.goldstandard.org/projects?q=gs10800,CO2balance UK ltd,"[""gs-tpddtec""]",gold-standard,4470,unknown,Energy-Efficiency
"[""energy-efficiency""]",Malawi,2022-07-06 00:00:00+00:00,2022-12-14 00:00:00+00:00,False,7593,,GS1247 VPA 259 Improved Kitchen Regimes Multi-Country PoA - Dowa Boreholes Malawi,GLD10799,https://registry.goldstandard.org/projects?q=gs10799,CO2balance UK ltd,"[""gs-tpddtec""]",gold-standard,5364,unknown,Energy-Efficiency
"[""energy-efficiency""]",Malawi,2021-02-18 00:00:00+00:00,2021-07-13 00:00:00+00:00,False,18210,,Durabric Bricks Project by 14Trees in Malawi: VPA (01),GLD7531,https://registry.goldstandard.org/projects?q=gs7531,ClimateCare Limited,"[""ams-iii-z""]",gold-standard,16698,unknown,Energy-Efficiency
"[""energy-efficiency""]",Malawi,,,False,0,,PoA for DURABRIC Bricks Project by 14Trees ,GLD7530,https://registry.goldstandard.org/projects?q=gs7530,ClimateCare Limited,"[""ams-iii-z""]",gold-standard,0,unknown,Energy-Efficiency
"[""unknown""]",Malawi,2010-04-22 00:00:00+00:00,2011-12-18 00:00:00+00:00,False,35,,*SolarAid Microsolar Lanterns Project for Malawi,GLD393,https://registry.goldstandard.org/projects?q=gs393,Unknown Project Developer,"[""unknown""]",gold-standard,35,unknown,Unknown
"[""energy-efficiency""]",Malawi,2018-07-02 00:00:00+00:00,2020-07-02 00:00:00+00:00,False,44795,,GS1247 VPA 116 Improved Kitchen Regimes Multi-Country PoA - Dowa Boreholes Malawi,GLD5441,https://registry.goldstandard.org/projects?q=gs5441,CO2balance UK ltd,"[""gs-tpddtec""]",gold-standard,24904,unknown,Energy-Efficiency
"[""energy-efficiency""]",Malawi,2018-07-02 00:00:00+00:00,2020-02-24 00:00:00+00:00,False,49193,,GS1247 VPA 114 Improved Kitchen Regimes Multi-Country PoA - Dowa Boreholes Malawi,GLD5439,https://registry.goldstandard.org/projects?q=gs5439,CO2balance UK ltd,"[""gs-tpddtec""]",gold-standard,25659,unknown,Energy-Efficiency
"[""energy-efficiency""]",Malawi,2018-07-02 00:00:00+00:00,2020-02-24 00:00:00+00:00,False,47999,,GS1247 VPA 113 Improved Kitchen Regimes Multi-Country PoA - Dowa Boreholes Malawi,GLD5438,https://registry.goldstandard.org/projects?q=gs5438,CO2balance UK ltd,"[""gs-tpddtec""]",gold-standard,34791,unknown,Energy-Efficiency
"[""energy-efficiency""]",Malawi,2018-07-02 00:00:00+00:00,2020-02-24 00:00:00+00:00,False,48514,,GS1247 VPA 112 Improved Kitchen Regimes Multi-Country PoA - Dowa Boreholes Malawi,GLD5437,https://registry.goldstandard.org/projects?q=gs5437,CO2balance UK ltd,"[""gs-tpddtec""]",gold-standard,25007,unknown,Energy-Efficiency
"[""energy-efficiency""]",Malawi,2018-07-02 00:00:00+00:00,2020-07-02 00:00:00+00:00,False,50792,,GS1247 VPA 104 Improved Kitchen Regimes Multi-Country PoA - Kasungu Boreholes Malawi,GLD5344,https://registry.goldstandard.org/projects?q=gs5344,CO2balance UK ltd,"[""gs-tpddtec""]",gold-standard,28987,unknown,Energy-Efficiency
"[""energy-efficiency""]",Malawi,2018-07-02 00:00:00+00:00,2020-07-02 00:00:00+00:00,False,51100,,GS1247 VPA 103 Improved Kitchen Regimes Multi-Country PoA - Kasungu Boreholes Malawi,GLD5343,https://registry.goldstandard.org/projects?q=gs5343,CO2balance UK ltd,"[""gs-tpddtec""]",gold-standard,27771,unknown,Energy-Efficiency
"[""energy-efficiency""]",Malawi,2018-07-02 00:00:00+00:00,2020-03-12 00:00:00+00:00,False,49877,,GS1247 VPA 102 Improved Kitchen Regimes Multi-Country PoA - Kasungu Boreholes Malawi,GLD5342,https://registry.goldstandard.org/projects?q=gs5342,CO2balance UK ltd,"[""gs-tpddtec""]",gold-standard,23690,unknown,Energy-Efficiency
"[""energy-efficiency""]",Malawi,2018-07-02 00:00:00+00:00,2019-10-24 00:00:00+00:00,False,57541,,GS1247 VPA 100 Improved Kitchen Regimes Multi-Country PoA - Kasungu Boreholes Malawi,GLD5340,https://registry.goldstandard.org/projects?q=gs5340,CO2balance UK ltd,"[""gs-tpddtec""]",gold-standard,18877,unknown,Energy-Efficiency
"[""energy-efficiency""]",Malawi,2018-07-02 00:00:00+00:00,2019-02-25 00:00:00+00:00,False,56587,,GS1247 VPA 99 Improved Kitchen Regimes Multi-Country PoA - Kasungu Boreholes Malawi,GLD5339,https://registry.goldstandard.org/projects?q=gs5339,CO2balance UK ltd,"[""gs-tpddtec""]",gold-standard,18076,unknown,Energy-Efficiency
"[""energy-efficiency""]",Malawi,2018-07-02 00:00:00+00:00,2019-02-25 00:00:00+00:00,False,54774,,GS1247 VPA 98 Improved Kitchen Regimes Multi-Country PoA - Dowa Boreholes Malawi,GLD5338,https://registry.goldstandard.org/projects?q=gs5338,CO2balance UK ltd,"[""gs-tpddtec""]",gold-standard,16247,unknown,Energy-Efficiency
"[""energy-efficiency""]",Malawi,2018-07-02 00:00:00+00:00,2019-10-15 00:00:00+00:00,False,50749,,GS1247 VPA 96 Improved Kitchen Regimes Multi-Country PoA - Dowa & Kasungu Boreholes Malawi,GLD5336,https://registry.goldstandard.org/projects?q=gs5336,CO2balance UK ltd,"[""gs-tpddtec""]",gold-standard,17049,unknown,Energy-Efficiency
"[""energy-efficiency""]",Malawi,2018-07-02 00:00:00+00:00,2019-10-15 00:00:00+00:00,False,54377,,GS1247 VPA 95 Improved Kitchen Regimes Multi-Country PoA - Dowa & Kasungu Boreholes Malawi,GLD5335,https://registry.goldstandard.org/projects?q=gs5335,CO2balance UK ltd,"[""gs-tpddtec""]",gold-standard,34716,unknown,Energy-Efficiency
"[""energy-efficiency""]",Malawi,2018-07-02 00:00:00+00:00,2019-10-09 00:00:00+00:00,False,52882,,GS1247 VPA 94 Improved Kitchen Regimes Multi-Country PoA - Dowa & Kasungu Boreholes Malawi,GLD5332,https://registry.goldstandard.org/projects?q=gs5332,CO2balance UK ltd,"[""gs-tpddtec""]",gold-standard,22993,unknown,Energy-Efficiency
"[""energy-efficiency""]",Malawi,2018-07-02 00:00:00+00:00,2020-02-24 00:00:00+00:00,False,53949,,GS1247 VPA 92 Improved Kitchen Regimes Multi-Country PoA - Dowa & Kasungu Boreholes Malawi,GLD5330,https://registry.goldstandard.org/projects?q=gs5330,CO2balance UK ltd,"[""gs-tpddtec""]",gold-standard,34766,unknown,Energy-Efficiency
"[""energy-efficiency""]",Malawi,2018-07-02 00:00:00+00:00,2018-07-24 00:00:00+00:00,False,55619,,GS1247 VPA 91 Improved Kitchen Regimes Multi-Country PoA - Dowa & Kasungu Boreholes Malawi,GLD5329,https://registry.goldstandard.org/projects?q=gs5329,CO2balance UK ltd,"[""gs-tpddtec""]",gold-standard,35080,unknown,Energy-Efficiency
"[""unknown""]",Malawi,,,False,0,,Conserving the Mulanje Mountains Malawi - Saving forests and empowering mountain communities with improved cookstoves,GLD7142,https://registry.goldstandard.org/projects?q=gs7142,Swiss Carbon Value Ltd.,"[""unknown""]",gold-standard,0,unknown,Unknown
"[""energy-efficiency""]",Malawi,2011-03-30 00:00:00+00:00,2011-06-15 00:00:00+00:00,False,256522,,Integrated Biomass Energy Conservation Project - Malawi,GLD613,https://registry.goldstandard.org/projects?q=gs613,Hestian Innovation,"[""gs-tpddtec""]",gold-standard,255813,unknown,Energy-Efficiency
"[""energy-efficiency""]",Malawi,2018-07-02 00:00:00+00:00,2020-01-10 00:00:00+00:00,False,46525,,GS1247 VPA 115 Improved Kitchen Regimes Multi-Country PoA - Dowa Boreholes Malawi,GLD5440,https://registry.goldstandard.org/projects?q=gs5440,CO2balance UK ltd,"[""gs-tpddtec""]",gold-standard,32013,unknown,Energy-Efficiency
"[""unknown""]",Malawi,2021-07-06 00:00:00+00:00,2022-05-13 00:00:00+00:00,False,36766,,GS5382 Energy for Sustainable Development – Malawi 2,GLD5447,https://registry.goldstandard.org/projects?q=gs5447,United Purpose Ltd,"[""unknown""]",gold-standard,36764,unknown,Unknown
"[""energy-efficiency""]",Malawi,,,False,0,,GS1247 VPA 118 Improved Kitchen Regimes Multi-Country PoA - Dowa Boreholes Malawi,GLD5443,https://registry.goldstandard.org/projects?q=gs5443,QK TS Pvt. Ltd.,"[""gs-tpddtec""]",gold-standard,0,listed,Energy-Efficiency
"[""energy-efficiency""]",Malawi,,,False,0,,GS1247 VPA 117 Improved Kitchen Regimes Multi-Country PoA - Dowa Boreholes Malawi,GLD5442,https://registry.goldstandard.org/projects?q=gs5442,QK TS Pvt. Ltd.,"[""gs-tpddtec""]",gold-standard,0,listed,Energy-Efficiency
"[""energy-efficiency""]",Malawi,2018-07-02 00:00:00+00:00,2020-07-02 00:00:00+00:00,False,54289,,GS1247 VPA 101 Improved Kitchen Regimes Multi-Country PoA - Kasungu Boreholes Malawi,GLD5341,https://registry.goldstandard.org/projects?q=gs5341,CO2balance UK ltd,"[""gs-tpddtec""]",gold-standard,19400,unknown,Energy-Efficiency
"[""energy-efficiency""]",Malawi,2018-07-02 00:00:00+00:00,2020-04-23 00:00:00+00:00,False,53449,,GS1247 VPA 97 Improved Kitchen Regimes Multi-Country PoA - Dowa & Kasungu Boreholes Malawi,GLD5337,https://registry.goldstandard.org/projects?q=gs5337,CO2balance UK ltd,"[""gs-tpddtec""]",gold-standard,17211,unknown,Energy-Efficiency
"[""energy-efficiency""]",Malawi,2018-07-02 00:00:00+00:00,2019-07-01 00:00:00+00:00,False,56468,,GS1247 VPA 93 Improved Kitchen Regimes Multi-Country PoA - Dowa & Kasungu Boreholes Malawi,GLD5331,https://registry.goldstandard.org/projects?q=gs5331,CO2balance UK ltd,"[""gs-tpddtec""]",gold-standard,38485,unknown,Energy-Efficiency
"[""unknown""]",Malawi,2021-07-06 00:00:00+00:00,2022-05-13 00:00:00+00:00,False,37894,,GS5382 Energy for Sustainable Development - Malawi 1,GLD5383,https://registry.goldstandard.org/projects?q=gs5383,United Purpose Ltd,"[""unknown""]",gold-standard,37892,unknown,Unknown
"[""unknown""]",Malawi,,,False,0,,Water and Energy for Sustainable Development Programme of Activities,GLD5382,https://registry.goldstandard.org/projects?q=gs5382,United Purpose Ltd,"[""unknown""]",gold-standard,0,unknown,Unknown
"[""energy-efficiency""]",Malawi,,,False,0,,GS1247 VPA 105 Improved Kitchen Regimes Multi-Country PoA - Kasungu Boreholes Malawi,GLD5345,https://registry.goldstandard.org/projects?q=gs5345,QK TS Pvt. Ltd.,"[""gs-tpddtec""]",gold-standard,0,listed,Energy-Efficiency
"[""energy-efficiency""]",Malawi,2023-07-28 00:00:00+00:00,2023-10-03 00:00:00+00:00,False,365063,,M’tetezi Improved cook-stoves Balaka District Malawi,GLD4539,https://registry.goldstandard.org/projects?q=gs4539,EKI Energy Services Limited,"[""gs-tpddtec""]",gold-standard,13979,unknown,Energy-Efficiency
"[""energy-efficiency""]",Malawi,2015-12-17 00:00:00+00:00,2016-01-14 00:00:00+00:00,False,78203,,GS1247 VPA 37 Improved Kitchen Regimes - Dowa Boreholes Malawi,GLD3561,https://registry.goldstandard.org/projects?q=gs3561,CO2balance UK ltd,"[""gs-kitchen-cookstoves""]",gold-standard,51639,unknown,Energy-Efficiency
"[""energy-efficiency""]",Malawi,2015-11-18 00:00:00+00:00,2016-01-14 00:00:00+00:00,False,68700,,GS1247 VPA 36 Improved Kitchen Regimes - Dowa Boreholes Malawi,GLD3560,https://registry.goldstandard.org/projects?q=gs3560,CO2balance UK ltd,"[""gs-kitchen-cookstoves""]",gold-standard,49815,unknown,Energy-Efficiency
"[""energy-efficiency""]",Malawi,2017-07-07 00:00:00+00:00,2017-12-12 00:00:00+00:00,False,69241,,GS1247 VPA 27 Improved Kitchen Regimes - Kasungu Boreholes Malawi,GLD3108,https://registry.goldstandard.org/projects?q=gs3108,CO2balance UK ltd,"[""gs-tpddtec""]",gold-standard,45547,unknown,Energy-Efficiency
"[""energy-efficiency""]",Malawi,2015-12-17 00:00:00+00:00,2016-10-10 00:00:00+00:00,False,78584,,GS1247 VPA 26 Improved Kitchen Regimes - Kasungu Boreholes Malawi,GLD3107,https://registry.goldstandard.org/projects?q=gs3107,CO2balance UK ltd,"[""gs-tpddtec""]",gold-standard,49330,unknown,Energy-Efficiency
"[""energy-efficiency""]",Malawi,2015-11-18 00:00:00+00:00,2016-01-14 00:00:00+00:00,False,77066,,GS1247 VPA 25 Improved Kitchen Regimes - Dowa Boreholes Malawi,GLD3106,https://registry.goldstandard.org/projects?q=gs3106,CO2balance UK ltd,"[""gs-tpddtec""]",gold-standard,59644,unknown,Energy-Efficiency
"[""energy-efficiency""]",Malawi,2017-07-07 00:00:00+00:00,2017-08-09 00:00:00+00:00,False,60807,,GS1247 VPA 24 Improved Kitchen Regimes - Dowa Boreholes Malawi,GLD3105,https://registry.goldstandard.org/projects?q=gs3105,CO2balance UK ltd,"[""gs-tpddtec""]",gold-standard,43936,unknown,Energy-Efficiency
"[""energy-efficiency""]",Malawi,2018-08-14 00:00:00+00:00,2019-02-01 00:00:00+00:00,False,273600,,GS2447 GS1265 African Biomass Energy Conservation PoA Malawi Biomass Conservation (5),GLD2447,https://registry.goldstandard.org/projects?q=gs2447,Hestian Innovation,"[""gs-tpddtec""]",gold-standard,127319,unknown,Energy-Efficiency
"[""energy-efficiency""]",Malawi,2019-12-09 00:00:00+00:00,2019-12-19 00:00:00+00:00,False,258551,,GS2446 GS1265  African Biomass Energy Conservation PoA  Malawi Biomass Conservation (4),GLD2446,https://registry.goldstandard.org/projects?q=gs2446,Hestian Innovation,"[""gs-tpddtec""]",gold-standard,165130,unknown,Energy-Efficiency
"[""energy-efficiency""]",Malawi,2017-11-07 00:00:00+00:00,2017-11-10 00:00:00+00:00,False,287525,,GS2445  GS1265  African Biomass Energy Conservation PoA  Malawi Biomass Conservation (3),GLD2445,https://registry.goldstandard.org/projects?q=gs2445,Hestian Innovation,"[""gs-tpddtec""]",gold-standard,248498,unknown,Energy-Efficiency
"[""energy-efficiency""]",Malawi,2018-05-09 00:00:00+00:00,2018-05-30 00:00:00+00:00,False,307967,,"GS2444 ""GS1265"" African Biomass Energy Conservation PoA Malawi Biomass Conservation (2)",GLD2444,https://registry.goldstandard.org/projects?q=gs2444,Hestian Innovation,"[""gs-tpddtec""]",gold-standard,217967,unknown,Energy-Efficiency
"[""energy-efficiency""]",Malawi,2022-08-30 00:00:00+00:00,2022-09-05 00:00:00+00:00,False,297901,,GS1265 - African Biomass Energy Conservation POA - Malawi Biomass Conservation - Dowa District,GLD1330,https://registry.goldstandard.org/projects?q=gs1330,Hestian Innovation,"[""gs-tpddtec""]",gold-standard,84956,unknown,Energy-Efficiency
